server	variant	threads	multiplier	round	tps	lat_avg_ms	lat_p95_ms
broadwell-xl170	large-multiplier	4	0	1	1123.35	3.56	9.56
broadwell-xl170	large-multiplier	4	5	1	1115.10	3.59	9.56
broadwell-xl170	large-multiplier	4	10	1	1119.16	3.57	9.56
broadwell-xl170	large-multiplier	4	25	1	1116.35	3.58	9.56
broadwell-xl170	large-multiplier	4	50	1	1119.86	3.57	9.56
broadwell-xl170	large-multiplier	4	75	1	1113.64	3.59	9.56
broadwell-xl170	large-multiplier	4	100	1	1123.82	3.56	9.56
broadwell-xl170	large-multiplier	4	150	1	1103.32	3.62	9.73
broadwell-xl170	large-multiplier	4	200	1	1111.53	3.60	9.73
broadwell-xl170	large-multiplier	4	300	1	1108.98	3.61	9.56
broadwell-xl170	large-multiplier	4	500	1	1109.72	3.60	9.73
broadwell-xl170	large-multiplier	4	0	2	1106.82	3.61	9.56
broadwell-xl170	large-multiplier	4	5	2	1121.26	3.57	9.56
broadwell-xl170	large-multiplier	4	10	2	1106.16	3.61	9.73
broadwell-xl170	large-multiplier	4	25	2	1118.80	3.57	9.56
broadwell-xl170	large-multiplier	4	50	2	1124.16	3.56	9.56
broadwell-xl170	large-multiplier	4	75	2	1103.15	3.62	9.73
broadwell-xl170	large-multiplier	4	100	2	1108.03	3.61	9.56
broadwell-xl170	large-multiplier	4	150	2	1106.28	3.61	9.73
broadwell-xl170	large-multiplier	4	200	2	1113.57	3.59	9.56
broadwell-xl170	large-multiplier	4	300	2	1104.63	3.62	9.73
broadwell-xl170	large-multiplier	4	500	2	1107.10	3.61	9.73
broadwell-xl170	large-multiplier	4	0	3	1109.56	3.60	9.73
broadwell-xl170	large-multiplier	4	5	3	1102.45	3.63	9.73
broadwell-xl170	large-multiplier	4	10	3	1101.41	3.63	9.73
broadwell-xl170	large-multiplier	4	25	3	1111.20	3.60	9.56
broadwell-xl170	large-multiplier	4	50	3	1113.40	3.59	9.73
broadwell-xl170	large-multiplier	4	75	3	1117.83	3.58	9.56
broadwell-xl170	large-multiplier	4	100	3	1118.77	3.57	9.56
broadwell-xl170	large-multiplier	4	150	3	1122.30	3.56	9.56
broadwell-xl170	large-multiplier	4	200	3	1111.47	3.60	9.73
broadwell-xl170	large-multiplier	4	300	3	1108.36	3.61	9.73
broadwell-xl170	large-multiplier	4	500	3	1110.12	3.60	9.73
broadwell-xl170	large-multiplier	4	0	4	1117.74	3.58	9.56
broadwell-xl170	large-multiplier	4	5	4	1111.34	3.60	9.56
broadwell-xl170	large-multiplier	4	10	4	1112.24	3.59	9.56
broadwell-xl170	large-multiplier	4	25	4	1112.55	3.59	9.56
broadwell-xl170	large-multiplier	4	50	4	1112.24	3.59	9.73
broadwell-xl170	large-multiplier	4	75	4	1122.57	3.56	9.56
broadwell-xl170	large-multiplier	4	100	4	1106.88	3.61	9.56
broadwell-xl170	large-multiplier	4	150	4	1110.61	3.60	9.56
broadwell-xl170	large-multiplier	4	200	4	1111.03	3.60	9.56
broadwell-xl170	large-multiplier	4	300	4	1103.32	3.62	9.73
broadwell-xl170	large-multiplier	4	500	4	1114.13	3.59	9.73
broadwell-xl170	large-multiplier	4	0	5	1121.32	3.57	9.56
broadwell-xl170	large-multiplier	4	5	5	1117.68	3.58	9.73
broadwell-xl170	large-multiplier	4	10	5	1095.05	3.65	9.91
broadwell-xl170	large-multiplier	4	25	5	1039.59	3.85	10.65
broadwell-xl170	large-multiplier	4	50	5	1034.00	3.87	11.04
broadwell-xl170	large-multiplier	4	75	5	1035.00	3.86	11.04
broadwell-xl170	large-multiplier	4	100	5	1021.90	3.91	11.04
broadwell-xl170	large-multiplier	4	150	5	1033.80	3.87	10.84
broadwell-xl170	large-multiplier	4	200	5	1028.47	3.89	10.84
broadwell-xl170	large-multiplier	4	300	5	992.63	4.03	11.87
broadwell-xl170	large-multiplier	4	500	5	899.51	4.45	13.95
broadwell-xl170	large-multiplier	8	0	1	906.77	8.82	34.33
broadwell-xl170	large-multiplier	8	5	1	940.53	8.50	31.94
broadwell-xl170	large-multiplier	8	10	1	883.78	9.05	34.95
broadwell-xl170	large-multiplier	8	25	1	922.47	8.67	32.53
broadwell-xl170	large-multiplier	8	50	1	905.50	8.83	33.72
broadwell-xl170	large-multiplier	8	75	1	917.99	8.71	33.12
broadwell-xl170	large-multiplier	8	100	1	858.97	9.31	34.95
broadwell-xl170	large-multiplier	8	150	1	902.61	8.86	33.72
broadwell-xl170	large-multiplier	8	200	1	897.00	8.91	33.72
broadwell-xl170	large-multiplier	8	300	1	869.68	9.20	35.59
broadwell-xl170	large-multiplier	8	500	1	933.27	8.56	31.94
broadwell-xl170	large-multiplier	8	0	2	935.99	8.54	31.94
broadwell-xl170	large-multiplier	8	5	2	932.47	8.57	32.53
broadwell-xl170	large-multiplier	8	10	2	908.88	8.80	33.72
broadwell-xl170	large-multiplier	8	25	2	916.00	8.72	33.72
broadwell-xl170	large-multiplier	8	50	2	911.76	8.77	33.12
broadwell-xl170	large-multiplier	8	75	2	926.67	8.63	32.53
broadwell-xl170	large-multiplier	8	100	2	951.33	8.40	31.37
broadwell-xl170	large-multiplier	8	150	2	897.44	8.91	33.72
broadwell-xl170	large-multiplier	8	200	2	829.19	9.64	38.25
broadwell-xl170	large-multiplier	8	300	2	885.34	9.03	34.95
broadwell-xl170	large-multiplier	8	500	2	940.98	8.50	31.37
broadwell-xl170	large-multiplier	8	0	3	913.30	8.76	33.72
broadwell-xl170	large-multiplier	8	5	3	949.48	8.42	31.37
broadwell-xl170	large-multiplier	8	10	3	954.99	8.37	31.37
broadwell-xl170	large-multiplier	8	25	3	911.87	8.77	33.72
broadwell-xl170	large-multiplier	8	50	3	938.76	8.52	31.94
broadwell-xl170	large-multiplier	8	75	3	935.14	8.55	32.53
broadwell-xl170	large-multiplier	8	100	3	977.12	8.18	30.26
broadwell-xl170	large-multiplier	8	150	3	922.21	8.67	32.53
broadwell-xl170	large-multiplier	8	200	3	889.21	8.99	34.33
broadwell-xl170	large-multiplier	8	300	3	955.90	8.36	31.37
broadwell-xl170	large-multiplier	8	500	3	950.28	8.41	31.37
broadwell-xl170	large-multiplier	8	0	4	926.88	8.63	32.53
broadwell-xl170	large-multiplier	8	5	4	932.77	8.57	31.94
broadwell-xl170	large-multiplier	8	10	4	917.52	8.72	33.72
broadwell-xl170	large-multiplier	8	25	4	995.59	8.03	29.19
broadwell-xl170	large-multiplier	8	50	4	921.25	8.68	33.12
broadwell-xl170	large-multiplier	8	75	4	947.68	8.44	31.37
broadwell-xl170	large-multiplier	8	100	4	924.00	8.65	33.12
broadwell-xl170	large-multiplier	8	150	4	896.34	8.92	33.72
broadwell-xl170	large-multiplier	8	200	4	928.02	8.62	32.53
broadwell-xl170	large-multiplier	8	300	4	901.14	8.87	33.72
broadwell-xl170	large-multiplier	8	500	4	893.82	8.95	33.72
broadwell-xl170	large-multiplier	8	0	5	946.83	8.45	31.37
broadwell-xl170	large-multiplier	8	5	5	934.30	8.56	31.94
broadwell-xl170	large-multiplier	8	10	5	907.16	8.82	33.72
broadwell-xl170	large-multiplier	8	25	5	929.74	8.60	32.53
broadwell-xl170	large-multiplier	8	50	5	941.00	8.50	32.53
broadwell-xl170	large-multiplier	8	75	5	826.28	9.68	38.25
broadwell-xl170	large-multiplier	8	100	5	883.89	9.05	34.33
broadwell-xl170	large-multiplier	8	150	5	925.80	8.64	32.53
broadwell-xl170	large-multiplier	8	200	5	938.72	8.52	31.94
broadwell-xl170	large-multiplier	8	300	5	963.44	8.30	31.37
broadwell-xl170	large-multiplier	8	500	5	929.81	8.60	32.53
broadwell-xl170	large-multiplier	16	0	1	758.23	21.08	69.29
broadwell-xl170	large-multiplier	16	5	1	753.92	21.22	69.29
broadwell-xl170	large-multiplier	16	10	1	762.86	20.96	69.29
broadwell-xl170	large-multiplier	16	25	1	766.69	20.86	68.05
broadwell-xl170	large-multiplier	16	50	1	761.49	21.00	69.29
broadwell-xl170	large-multiplier	16	75	1	757.10	21.13	69.29
broadwell-xl170	large-multiplier	16	100	1	757.54	21.11	70.55
broadwell-xl170	large-multiplier	16	150	1	758.74	21.08	69.29
broadwell-xl170	large-multiplier	16	200	1	760.67	21.02	69.29
broadwell-xl170	large-multiplier	16	300	1	762.12	20.99	69.29
broadwell-xl170	large-multiplier	16	500	1	752.14	21.26	69.29
broadwell-xl170	large-multiplier	16	0	2	749.22	21.35	69.29
broadwell-xl170	large-multiplier	16	5	2	759.88	21.05	69.29
broadwell-xl170	large-multiplier	16	10	2	760.65	21.03	69.29
broadwell-xl170	large-multiplier	16	25	2	691.95	23.12	77.19
broadwell-xl170	large-multiplier	16	50	2	765.16	20.91	68.05
broadwell-xl170	large-multiplier	16	75	2	747.61	21.39	71.83
broadwell-xl170	large-multiplier	16	100	2	753.56	21.22	69.29
broadwell-xl170	large-multiplier	16	150	2	757.12	21.13	70.55
broadwell-xl170	large-multiplier	16	200	2	750.53	21.30	71.83
broadwell-xl170	large-multiplier	16	300	2	755.43	21.17	70.55
broadwell-xl170	large-multiplier	16	500	2	746.56	21.43	71.83
broadwell-xl170	large-multiplier	16	0	3	752.04	21.27	71.83
broadwell-xl170	large-multiplier	16	5	3	747.98	21.37	71.83
broadwell-xl170	large-multiplier	16	10	3	753.96	21.21	70.55
broadwell-xl170	large-multiplier	16	25	3	758.06	21.10	71.83
broadwell-xl170	large-multiplier	16	50	3	786.46	20.33	69.29
broadwell-xl170	large-multiplier	16	75	3	762.10	20.99	70.55
broadwell-xl170	large-multiplier	16	100	3	746.54	21.42	73.13
broadwell-xl170	large-multiplier	16	150	3	747.86	21.39	73.13
broadwell-xl170	large-multiplier	16	200	3	746.82	21.42	71.83
broadwell-xl170	large-multiplier	16	300	3	737.44	21.68	74.46
broadwell-xl170	large-multiplier	16	500	3	738.99	21.65	73.13
broadwell-xl170	large-multiplier	16	0	4	718.34	22.26	74.46
broadwell-xl170	large-multiplier	16	5	4	708.58	22.58	74.46
broadwell-xl170	large-multiplier	16	10	4	705.02	22.69	75.82
broadwell-xl170	large-multiplier	16	25	4	666.80	23.99	80.03
broadwell-xl170	large-multiplier	16	50	4	679.07	23.55	77.19
broadwell-xl170	large-multiplier	16	75	4	648.35	24.67	80.03
broadwell-xl170	large-multiplier	16	100	4	638.05	25.06	78.60
broadwell-xl170	large-multiplier	16	150	4	633.14	25.26	80.03
broadwell-xl170	large-multiplier	16	200	4	615.77	25.98	80.03
broadwell-xl170	large-multiplier	16	300	4	640.45	24.98	75.82
broadwell-xl170	large-multiplier	16	500	4	641.74	24.92	77.19
broadwell-xl170	large-multiplier	16	0	5	619.35	25.82	77.19
broadwell-xl170	large-multiplier	16	5	5	622.02	25.71	77.19
broadwell-xl170	large-multiplier	16	10	5	605.68	26.41	78.60
broadwell-xl170	large-multiplier	16	25	5	549.61	29.08	92.42
broadwell-xl170	large-multiplier	16	50	5	607.60	26.33	78.60
broadwell-xl170	large-multiplier	16	75	5	633.97	25.22	75.82
broadwell-xl170	large-multiplier	16	100	5	653.18	24.49	71.83
broadwell-xl170	large-multiplier	16	150	5	610.28	26.21	78.60
broadwell-xl170	large-multiplier	16	200	5	608.17	26.30	78.60
broadwell-xl170	large-multiplier	16	300	5	621.07	25.75	75.82
broadwell-xl170	large-multiplier	16	500	5	621.42	25.73	77.19
broadwell-xl170	large-multiplier	32	0	1	734.72	43.54	112.67
broadwell-xl170	large-multiplier	32	5	1	738.93	43.28	112.67
broadwell-xl170	large-multiplier	32	10	1	711.10	44.96	116.80
broadwell-xl170	large-multiplier	32	25	1	735.92	43.47	112.67
broadwell-xl170	large-multiplier	32	50	1	768.61	41.61	104.84
broadwell-xl170	large-multiplier	32	75	1	674.85	47.37	123.28
broadwell-xl170	large-multiplier	32	100	1	712.86	44.87	116.80
broadwell-xl170	large-multiplier	32	150	1	655.48	48.80	130.13
broadwell-xl170	large-multiplier	32	200	1	680.93	46.95	121.08
broadwell-xl170	large-multiplier	32	300	1	680.27	47.02	125.52
broadwell-xl170	large-multiplier	32	500	1	685.12	46.69	123.28
broadwell-xl170	large-multiplier	32	0	2	710.15	45.02	121.08
broadwell-xl170	large-multiplier	32	5	2	738.74	43.27	114.72
broadwell-xl170	large-multiplier	32	10	2	689.19	46.42	121.08
broadwell-xl170	large-multiplier	32	25	2	695.11	46.01	123.28
broadwell-xl170	large-multiplier	32	50	2	673.82	47.46	127.81
broadwell-xl170	large-multiplier	32	75	2	705.12	45.35	121.08
broadwell-xl170	large-multiplier	32	100	2	604.86	52.89	144.97
broadwell-xl170	large-multiplier	32	150	2	670.23	47.73	125.52
broadwell-xl170	large-multiplier	32	200	2	698.20	45.79	118.92
broadwell-xl170	large-multiplier	32	300	2	632.84	50.50	130.13
broadwell-xl170	large-multiplier	32	500	2	635.04	50.33	130.13
broadwell-xl170	large-multiplier	32	0	3	661.17	48.38	127.81
broadwell-xl170	large-multiplier	32	5	3	667.07	47.95	123.28
broadwell-xl170	large-multiplier	32	10	3	679.95	47.05	116.80
broadwell-xl170	large-multiplier	32	25	3	654.78	48.84	121.08
broadwell-xl170	large-multiplier	32	50	3	623.66	51.30	127.81
broadwell-xl170	large-multiplier	32	75	3	600.39	53.29	132.49
broadwell-xl170	large-multiplier	32	100	3	602.87	53.06	132.49
broadwell-xl170	large-multiplier	32	150	3	597.90	53.45	130.13
broadwell-xl170	large-multiplier	32	200	3	600.99	53.22	130.13
broadwell-xl170	large-multiplier	32	300	3	650.32	49.16	121.08
broadwell-xl170	large-multiplier	32	500	3	611.94	52.28	130.13
broadwell-xl170	large-multiplier	32	0	4	660.57	48.41	123.28
broadwell-xl170	large-multiplier	32	5	4	647.43	49.38	125.52
broadwell-xl170	large-multiplier	32	10	4	670.86	47.65	116.80
broadwell-xl170	large-multiplier	32	25	4	683.26	46.78	114.72
broadwell-xl170	large-multiplier	32	50	4	629.84	50.78	121.08
broadwell-xl170	large-multiplier	32	75	4	632.32	50.59	123.28
broadwell-xl170	large-multiplier	32	100	4	625.52	51.12	127.81
broadwell-xl170	large-multiplier	32	150	4	634.49	50.42	123.28
broadwell-xl170	large-multiplier	32	200	4	649.15	49.28	123.28
broadwell-xl170	large-multiplier	32	300	4	687.18	46.53	112.67
broadwell-xl170	large-multiplier	32	500	4	547.13	58.43	150.29
broadwell-xl170	large-multiplier	32	0	5	704.82	45.36	116.80
broadwell-xl170	large-multiplier	32	5	5	705.28	45.35	114.72
broadwell-xl170	large-multiplier	32	10	5	628.34	50.91	127.81
broadwell-xl170	large-multiplier	32	25	5	686.13	46.62	116.80
broadwell-xl170	large-multiplier	32	50	5	654.62	48.87	118.92
broadwell-xl170	large-multiplier	32	75	5	647.79	49.36	123.28
broadwell-xl170	large-multiplier	32	100	5	646.67	49.45	121.08
broadwell-xl170	large-multiplier	32	150	5	641.57	49.82	123.28
broadwell-xl170	large-multiplier	32	200	5	687.91	46.50	112.67
broadwell-xl170	large-multiplier	32	300	5	735.25	43.50	104.84
broadwell-xl170	large-multiplier	32	500	5	629.39	50.83	127.81
broadwell-xl170	large-multiplier	64	0	1	778.24	82.11	196.89
broadwell-xl170	large-multiplier	64	5	1	759.18	84.25	196.89
broadwell-xl170	large-multiplier	64	10	1	718.56	88.98	204.11
broadwell-xl170	large-multiplier	64	25	1	697.99	91.64	207.82
broadwell-xl170	large-multiplier	64	50	1	681.24	93.83	215.44
broadwell-xl170	large-multiplier	64	75	1	582.63	109.78	262.64
broadwell-xl170	large-multiplier	64	100	1	627.48	101.95	235.74
broadwell-xl170	large-multiplier	64	150	1	636.16	100.54	231.53
broadwell-xl170	large-multiplier	64	200	1	642.39	99.52	235.74
broadwell-xl170	large-multiplier	64	300	1	642.01	99.63	227.40
broadwell-xl170	large-multiplier	64	500	1	647.93	98.71	223.34
broadwell-xl170	large-multiplier	64	0	2	655.75	97.53	235.74
broadwell-xl170	large-multiplier	64	5	2	648.35	98.60	235.74
broadwell-xl170	large-multiplier	64	10	2	635.43	100.64	235.74
broadwell-xl170	large-multiplier	64	25	2	627.61	101.87	231.53
broadwell-xl170	large-multiplier	64	50	2	630.24	101.48	231.53
broadwell-xl170	large-multiplier	64	75	2	624.37	102.42	235.74
broadwell-xl170	large-multiplier	64	100	2	638.05	100.20	227.40
broadwell-xl170	large-multiplier	64	150	2	628.78	101.74	231.53
broadwell-xl170	large-multiplier	64	200	2	623.58	102.56	235.74
broadwell-xl170	large-multiplier	64	300	2	628.25	101.80	231.53
broadwell-xl170	large-multiplier	64	500	2	630.44	101.48	231.53
broadwell-xl170	large-multiplier	64	0	3	642.02	99.63	240.02
broadwell-xl170	large-multiplier	64	5	3	634.29	100.68	231.53
broadwell-xl170	large-multiplier	64	10	3	633.66	100.94	235.74
broadwell-xl170	large-multiplier	64	25	3	630.74	101.43	227.40
broadwell-xl170	large-multiplier	64	50	3	625.36	102.30	231.53
broadwell-xl170	large-multiplier	64	75	3	616.58	103.76	240.02
broadwell-xl170	large-multiplier	64	100	3	614.98	103.99	235.74
broadwell-xl170	large-multiplier	64	150	3	604.79	105.70	235.74
broadwell-xl170	large-multiplier	64	200	3	623.52	102.56	227.40
broadwell-xl170	large-multiplier	64	300	3	611.97	104.51	227.40
broadwell-xl170	large-multiplier	64	500	3	616.80	103.67	231.53
broadwell-xl170	large-multiplier	64	0	4	655.73	97.55	227.40
broadwell-xl170	large-multiplier	64	5	4	622.94	102.64	240.02
broadwell-xl170	large-multiplier	64	10	4	631.05	101.22	235.74
broadwell-xl170	large-multiplier	64	25	4	608.16	105.13	235.74
broadwell-xl170	large-multiplier	64	50	4	620.97	102.99	235.74
broadwell-xl170	large-multiplier	64	75	4	600.79	106.38	235.74
broadwell-xl170	large-multiplier	64	100	4	544.92	117.41	282.25
broadwell-xl170	large-multiplier	64	150	4	604.19	105.87	235.74
broadwell-xl170	large-multiplier	64	200	4	601.56	106.33	235.74
broadwell-xl170	large-multiplier	64	300	4	602.01	106.19	235.74
broadwell-xl170	large-multiplier	64	500	4	614.06	104.14	231.53
broadwell-xl170	large-multiplier	64	0	5	644.22	99.30	231.53
broadwell-xl170	large-multiplier	64	5	5	640.61	99.85	231.53
broadwell-xl170	large-multiplier	64	10	5	644.33	99.27	227.40
broadwell-xl170	large-multiplier	64	25	5	613.02	104.36	235.74
broadwell-xl170	large-multiplier	64	50	5	605.74	105.53	235.74
broadwell-xl170	large-multiplier	64	75	5	593.31	107.80	240.02
broadwell-xl170	large-multiplier	64	100	5	609.98	104.87	235.74
broadwell-xl170	large-multiplier	64	150	5	600.38	106.50	235.74
broadwell-xl170	large-multiplier	64	200	5	599.81	106.62	235.74
broadwell-xl170	large-multiplier	64	300	5	602.35	106.21	240.02
broadwell-xl170	large-multiplier	64	500	5	611.96	104.50	231.53
